Insert into SIMCO.SIMCO_SEG_ROL (CODIGO_ROL,NOM_ROL,DES_ROL,COD_ESTADO) values ('ROL0000001','COMISIONADO OD','ROL DE COMISIONADO OD','A');
Insert into SIMCO.SIMCO_SEG_ROL (CODIGO_ROL,NOM_ROL,DES_ROL,COD_ESTADO) values ('ROL0000002','JEFE OD','ROL DE JEFE OD','A');
Insert into SIMCO.SIMCO_SEG_ROL (CODIGO_ROL,NOM_ROL,DES_ROL,COD_ESTADO) values ('ROL0000003','COMISIONADO ADJUNTO','ROL DE COMISIONADO ADJUNTO','A');
Insert into SIMCO.SIMCO_SEG_ROL (CODIGO_ROL,NOM_ROL,DES_ROL,COD_ESTADO) values ('ROL0000004','ADJUNTO','ROL DE ADJUNTO','A');
Insert into SIMCO.SIMCO_SEG_ROL (CODIGO_ROL,NOM_ROL,DES_ROL,COD_ESTADO) values ('ROL0000005','ADMINISTRADOR SISTEMA','ROL DE ADMINISTRADOR DEL SISTEMA SIMCO.SIMCO','A');

Insert into SIMCO.SIMCO_SEG_RECURSO (CODIGO_RECURSO,NOMBRE_RECURSO,DESCRIPCION_RECURSO,PADRE_RECURSO,COD_ESTADO,URL_RECURSO,MODULO) values ('REC_ACTI00','ACTIVIDAD','INFORME',null,'A',null,'REGISTRO');
Insert into SIMCO.SIMCO_SEG_RECURSO (CODIGO_RECURSO,NOMBRE_RECURSO,DESCRIPCION_RECURSO,PADRE_RECURSO,COD_ESTADO,URL_RECURSO,MODULO) values ('REC_ACTI01','CREAR ACTIVIDAD','CREAR INFORME','REC_ACTI00','A',null,'REGISTRO');
Insert into SIMCO.SIMCO_SEG_RECURSO (CODIGO_RECURSO,NOMBRE_RECURSO,DESCRIPCION_RECURSO,PADRE_RECURSO,COD_ESTADO,URL_RECURSO,MODULO) values ('REC_ACTI02','BUSCAR ACTIVIDAD','BUSCAR ACTIVIDAD','REC_ACTI00','A',null,'REGISTRO');
Insert into SIMCO.SIMCO_SEG_RECURSO (CODIGO_RECURSO,NOMBRE_RECURSO,DESCRIPCION_RECURSO,PADRE_RECURSO,COD_ESTADO,URL_RECURSO,MODULO) values ('REC_ACT000','ACTOR','ACTOR',null,'A',null,'REGISTRO');
Insert into SIMCO.SIMCO_SEG_RECURSO (CODIGO_RECURSO,NOMBRE_RECURSO,DESCRIPCION_RECURSO,PADRE_RECURSO,COD_ESTADO,URL_RECURSO,MODULO) values ('REC_ACT001','CREAR ACTOR','CREAR ACTOR','REC_ACT000','A',null,'REGISTRO');
Insert into SIMCO.SIMCO_SEG_RECURSO (CODIGO_RECURSO,NOMBRE_RECURSO,DESCRIPCION_RECURSO,PADRE_RECURSO,COD_ESTADO,URL_RECURSO,MODULO) values ('REC_ACT002','BUSCAR ACTOR','BUSCAR ACTOR','REC_ACT000','A',null,'REGISTRO');
Insert into SIMCO.SIMCO_SEG_RECURSO (CODIGO_RECURSO,NOMBRE_RECURSO,DESCRIPCION_RECURSO,PADRE_RECURSO,COD_ESTADO,URL_RECURSO,MODULO) values ('REC_USUA00','USUARIOS','USUARIOS',null,'A',null,'SEGURIDAD');
Insert into SIMCO.SIMCO_SEG_RECURSO (CODIGO_RECURSO,NOMBRE_RECURSO,DESCRIPCION_RECURSO,PADRE_RECURSO,COD_ESTADO,URL_RECURSO,MODULO) values ('REC_USUA01','CREAR USUARIOS','CREAR USUARIOS','REC_USUA00','A',null,'SEGURIDAD');
Insert into SIMCO.SIMCO_SEG_RECURSO (CODIGO_RECURSO,NOMBRE_RECURSO,DESCRIPCION_RECURSO,PADRE_RECURSO,COD_ESTADO,URL_RECURSO,MODULO) values ('REC_USUA02','MODIFICAR USUARIOS','MODIFICAR USUARIOS','REC_USUA00','A',null,'SEGURIDAD');

Insert into SIMCO.SIMCO_SEG_ROL_RECURSO (CODIGO_ROL,CODIGO_RECURSO) values ('ROL0000001','REC_ACTI00');
Insert into SIMCO.SIMCO_SEG_ROL_RECURSO (CODIGO_ROL,CODIGO_RECURSO) values ('ROL0000001','REC_ACTI01');
Insert into SIMCO.SIMCO_SEG_ROL_RECURSO (CODIGO_ROL,CODIGO_RECURSO) values ('ROL0000001','REC_ACTI02');
Insert into SIMCO.SIMCO_SEG_ROL_RECURSO (CODIGO_ROL,CODIGO_RECURSO) values ('ROL0000001','REC_ACT000');
Insert into SIMCO.SIMCO_SEG_ROL_RECURSO (CODIGO_ROL,CODIGO_RECURSO) values ('ROL0000001','REC_ACT001');
Insert into SIMCO.SIMCO_SEG_ROL_RECURSO (CODIGO_ROL,CODIGO_RECURSO) values ('ROL0000001','REC_ACT002');
Insert into SIMCO.SIMCO_SEG_ROL_RECURSO (CODIGO_ROL,CODIGO_RECURSO) values ('ROL0000002','REC_ACTI00');
Insert into SIMCO.SIMCO_SEG_ROL_RECURSO (CODIGO_ROL,CODIGO_RECURSO) values ('ROL0000002','REC_ACTI01');
Insert into SIMCO.SIMCO_SEG_ROL_RECURSO (CODIGO_ROL,CODIGO_RECURSO) values ('ROL0000002','REC_ACTI02');
Insert into SIMCO.SIMCO_SEG_ROL_RECURSO (CODIGO_ROL,CODIGO_RECURSO) values ('ROL0000005','REC_ACTI00');
Insert into SIMCO.SIMCO_SEG_ROL_RECURSO (CODIGO_ROL,CODIGO_RECURSO) values ('ROL0000005','REC_ACTI01');
Insert into SIMCO.SIMCO_SEG_ROL_RECURSO (CODIGO_ROL,CODIGO_RECURSO) values ('ROL0000005','REC_ACTI02');
Insert into SIMCO.SIMCO_SEG_ROL_RECURSO (CODIGO_ROL,CODIGO_RECURSO) values ('ROL0000005','REC_ACT000');
Insert into SIMCO.SIMCO_SEG_ROL_RECURSO (CODIGO_ROL,CODIGO_RECURSO) values ('ROL0000005','REC_ACT001');
Insert into SIMCO.SIMCO_SEG_ROL_RECURSO (CODIGO_ROL,CODIGO_RECURSO) values ('ROL0000005','REC_ACT002');
Insert into SIMCO.SIMCO_SEG_ROL_RECURSO (CODIGO_ROL,CODIGO_RECURSO) values ('ROL0000005','REC_USUA00');
Insert into SIMCO.SIMCO_SEG_ROL_RECURSO (CODIGO_ROL,CODIGO_RECURSO) values ('ROL0000005','REC_USUA01');
Insert into SIMCO.SIMCO_SEG_ROL_RECURSO (CODIGO_ROL,CODIGO_RECURSO) values ('ROL0000005','REC_USUA02');

Insert into SIMCO.SIMCO_SEG_USUARIO (CODIGO_USUARIO,NOM_USUARIO,APE_PATERNO,APE_MATERNO,NUM_DNI,EST_USUARIO,CLAVE_USUARIO,DES_EMAIL,TEL_MOVIL,TEL_FIJO,FLAG_CLAVE_INICIAL) values ('admin','Usuario','Administrador','ADM','11111111','A','392D776764DB28D1553BD735AEFB782C','admin@hotmail.com',null,null,null);


Insert into SIMCO.SIMCO_SEG_USUARIO_ROL (CODIGO_ROL,CODIGO_USUARIO) values ('ROL0000005','admin');